exposure,outcome,id.exposure,id.outcome,samplesize,SNP,b,se,p
alcohol_drinks_per_week,all_cause_mortality_EAS,ieu-b-73,ukb-e-4501_EAS,,rs10085696,0.76911160763625,0.644161383810158,0.232488342978683
alcohol_drinks_per_week,all_cause_mortality_EAS,ieu-b-73,ukb-e-4501_EAS,,rs11860773,0.745059962335798,0.644688406294878,0.247807968482896
alcohol_drinks_per_week,all_cause_mortality_EAS,ieu-b-73,ukb-e-4501_EAS,,rs1229984,2.38078552068646,1.78354285303618,0.181921160633776
alcohol_drinks_per_week,all_cause_mortality_EAS,ieu-b-73,ukb-e-4501_EAS,,rs1260326,0.726753389935548,0.65169685893989,0.264777182285465
alcohol_drinks_per_week,all_cause_mortality_EAS,ieu-b-73,ukb-e-4501_EAS,,rs13332432,0.79079680514736,0.625263928536986,0.205964256856207
alcohol_drinks_per_week,all_cause_mortality_EAS,ieu-b-73,ukb-e-4501_EAS,,rs1387766,0.711765056410905,0.640717704558438,0.266616932900971
alcohol_drinks_per_week,all_cause_mortality_EAS,ieu-b-73,ukb-e-4501_EAS,,rs153106,0.695104201799988,0.635236875438206,0.27384793559545
alcohol_drinks_per_week,all_cause_mortality_EAS,ieu-b-73,ukb-e-4501_EAS,,rs16854020,0.718605918006964,0.63491001633308,0.257708751005411
alcohol_drinks_per_week,all_cause_mortality_EAS,ieu-b-73,ukb-e-4501_EAS,,rs17542254,0.689018071630909,0.621791701658292,0.267811209064677
alcohol_drinks_per_week,all_cause_mortality_EAS,ieu-b-73,ukb-e-4501_EAS,,rs2299409,0.73706933214817,0.646853039495574,0.254507367921653
alcohol_drinks_per_week,all_cause_mortality_EAS,ieu-b-73,ukb-e-4501_EAS,,rs28601761,0.741660823338473,0.646717848721497,0.25146122458752
alcohol_drinks_per_week,all_cause_mortality_EAS,ieu-b-73,ukb-e-4501_EAS,,rs28680958,0.692291174555276,0.636436174880076,0.2767001279686
alcohol_drinks_per_week,all_cause_mortality_EAS,ieu-b-73,ukb-e-4501_EAS,,rs28712821,0.68965480734952,0.651756124159634,0.289987716483081
alcohol_drinks_per_week,all_cause_mortality_EAS,ieu-b-73,ukb-e-4501_EAS,,rs28732378,0.719096513783777,0.645485969719005,0.26526247609274
alcohol_drinks_per_week,all_cause_mortality_EAS,ieu-b-73,ukb-e-4501_EAS,,rs331939,0.743626317984324,0.647003623257104,0.250416336771189
alcohol_drinks_per_week,all_cause_mortality_EAS,ieu-b-73,ukb-e-4501_EAS,,rs34121753,0.743420180988623,0.644950605070082,0.249042697232351
alcohol_drinks_per_week,all_cause_mortality_EAS,ieu-b-73,ukb-e-4501_EAS,,rs4309187,0.743931631951569,0.646032248923663,0.249510368053381
alcohol_drinks_per_week,all_cause_mortality_EAS,ieu-b-73,ukb-e-4501_EAS,,rs4752999,0.775040381570616,0.641634649627972,0.227079801074219
alcohol_drinks_per_week,all_cause_mortality_EAS,ieu-b-73,ukb-e-4501_EAS,,rs494904,0.80100357780732,0.629854393370112,0.203469716519056
alcohol_drinks_per_week,all_cause_mortality_EAS,ieu-b-73,ukb-e-4501_EAS,,rs55872084,0.769545966520461,0.637687975353903,0.227518770108385
alcohol_drinks_per_week,all_cause_mortality_EAS,ieu-b-73,ukb-e-4501_EAS,,rs55932213,0.663635705972128,0.599981613573811,0.268686092885264
alcohol_drinks_per_week,all_cause_mortality_EAS,ieu-b-73,ukb-e-4501_EAS,,rs6106989,0.777274733973697,0.634290919933363,0.22041585458497
alcohol_drinks_per_week,all_cause_mortality_EAS,ieu-b-73,ukb-e-4501_EAS,,rs6739804,0.758024385649177,0.645522047679475,0.240282422848859
alcohol_drinks_per_week,all_cause_mortality_EAS,ieu-b-73,ukb-e-4501_EAS,,rs676388,0.717018183766133,0.624156515948975,0.250646932071198
alcohol_drinks_per_week,all_cause_mortality_EAS,ieu-b-73,ukb-e-4501_EAS,,rs6969458,0.719207817777536,0.643875572111604,0.263995119582152
alcohol_drinks_per_week,all_cause_mortality_EAS,ieu-b-73,ukb-e-4501_EAS,,rs76640332,0.705747709497222,0.597303538242155,0.237381834476803
alcohol_drinks_per_week,all_cause_mortality_EAS,ieu-b-73,ukb-e-4501_EAS,,rs78234152,0.687330534214629,0.63247236946499,0.277153470338412
alcohol_drinks_per_week,all_cause_mortality_EAS,ieu-b-73,ukb-e-4501_EAS,,rs962961,0.767953918386928,0.642233200037085,0.231791963542151
alcohol_drinks_per_week,all_cause_mortality_EAS,ieu-b-73,ukb-e-4501_EAS,,rs9835772,0.714183738504104,0.609471793498906,0.241274271904432
alcohol_drinks_per_week,all_cause_mortality_EAS,ieu-b-73,ukb-e-4501_EAS,,All,0.740091817946662,0.634464942462567,0.24341969659217
